Test Name,Result,Units,Reference Range,Sample Date
Glycated Hb,6.1,%,4.0-5.6,15/03/2026
FBS,6.55,mmol/L,3.9-5.5,15/03/2026
Total Chol,228,mg/dL,<200,15/03/2026
LDL-C,150,mg/dL,<130,15/03/2026
HDL-C,42,mg/dL,>40,15/03/2026
TG,180,mg/dL,<150,15/03/2026
S. Creatinine,118.5,µmol/L,62-115,15/03/2026
Urine Alb/Creat ratio,45,mg/g,<30,15/03/2026
Hgb,14.5,g/dL,13.0-17.0,15/03/2026
MCV,88,fL,80-100,15/03/2026
RBC Count,5.0,million/µL,4.5-5.9,15/03/2026
Plt,250,10^3/µL,150-400,15/03/2026
S. Ferritin,120,ng/mL,30-400,15/03/2026
SGOT,24,U/L,<40,15/03/2026
SGPT,28,U/L,<40,15/03/2026
Gamma GT,45,U/L,<55,15/03/2026
TSH 3rd Gen,2.2,µIU/mL,0.4-4.0,15/03/2026
25 OH Vit D,82.5,nmol/L,75-250,15/03/2026
Vit B12,425,pg/mL,200-900,15/03/2026
S. Uric Acid,6.3,mg/dL,3.4-7.0,15/03/2026
Na+,139,mEq/L,135-145,15/03/2026
K+,4.6,mmol/L,3.5-5.1,15/03/2026
Serum Urea,32.1,mg/dL,15-43,15/03/2026
hs-CRP,1.9,mg/L,<5,15/03/2026
Serum Amylase,62,U/L,28-100,15/03/2026
